/*
 Navicat Premium Data Transfer

 Source Server         : localhost
 Source Server Type    : MySQL
 Source Server Version : 80012
 Source Host           : localhost
 Source Database       : general-spring-cloud

 Target Server Type    : MySQL
 Target Server Version : 80012
 File Encoding         : utf-8

 Date: 03/26/2020 13:07:47 PM
*/

SET NAMES utf8;
SET FOREIGN_KEY_CHECKS = 0;
-- utf8_general_ci
-- utf8

-- ----------------------------
--  Table structure for `api_entity`
-- ----------------------------
DROP TABLE IF EXISTS `api_entity`;
CREATE TABLE `api_entity` (
  `id` bigint(20) NOT NULL AUTO_INCREMENT,
  `created_by` varchar(50) NOT NULL,
  `created_date` datetime NOT NULL,
  `last_modified_by` varchar(50) DEFAULT NULL,
  `last_modified_date` datetime DEFAULT NULL,
  `description` varchar(255) DEFAULT NULL,
  `path` varchar(255) DEFAULT NULL,
  `type` int(11) DEFAULT NULL COMMENT '0:默认都可以访问的api，不受权限控制',
  PRIMARY KEY (`id`)
) ENGINE=MyISAM AUTO_INCREMENT=7 DEFAULT CHARSET=utf8 COLLATE=utf8_general_ci;

-- ----------------------------
--  Records of `api_entity`
-- ----------------------------
BEGIN;
INSERT INTO `api_entity` VALUES ('1', 'system', '2020-01-09 16:52:05', 'system', '2020-01-09 16:52:12', '菜单管理', '/user-service/menu/manage/list', null), ('2', 'system', '2020-01-19 16:48:05', null, null, '用户信息', '/user-service/account/info', null), ('3', 'system', '2020-01-22 13:58:18', null, null, '新增权限', '/user-service/menu/manage/add', null), ('4', 'system', '2020-01-22 13:59:13', null, null, '修改权限', '/user-service/menu/manage/update', null), ('5', 'system', '2020-01-22 13:59:44', null, null, '删除权限', '/user-service/menu/manage/delete', null), ('6', 'system', '2020-03-25 17:58:12', null, null, '根据父权限获取子权限', '/user-service/menu/manage/subMenu', null);
COMMIT;

-- ----------------------------
--  Table structure for `oauth_access_token`
-- ----------------------------
DROP TABLE IF EXISTS `oauth_access_token`;
CREATE TABLE `oauth_access_token` (
  `token_id` varchar(256) DEFAULT NULL,
  `token` blob,
  `authentication_id` varchar(48) NOT NULL,
  `user_name` varchar(256) DEFAULT NULL,
  `client_id` varchar(256) DEFAULT NULL,
  `authentication` blob,
  `refresh_token` varchar(256) DEFAULT NULL,
  PRIMARY KEY (`authentication_id`)
) ENGINE=InnoDB DEFAULT CHARSET=utf8;

-- ----------------------------
--  Table structure for `oauth_approvals`
-- ----------------------------
DROP TABLE IF EXISTS `oauth_approvals`;
CREATE TABLE `oauth_approvals` (
  `userId` varchar(256) DEFAULT NULL,
  `clientId` varchar(256) DEFAULT NULL,
  `scope` varchar(256) DEFAULT NULL,
  `status` varchar(10) DEFAULT NULL,
  `expiresAt` timestamp NOT NULL DEFAULT CURRENT_TIMESTAMP ON UPDATE CURRENT_TIMESTAMP,
  `lastModifiedAt` timestamp NOT NULL DEFAULT CURRENT_TIMESTAMP ON UPDATE CURRENT_TIMESTAMP
) ENGINE=InnoDB DEFAULT CHARSET=utf8;

-- ----------------------------
--  Table structure for `oauth_client_details`
-- ----------------------------
DROP TABLE IF EXISTS `oauth_client_details`;
CREATE TABLE `oauth_client_details` (
  `client_id` varchar(48) NOT NULL,
  `resource_ids` varchar(256) DEFAULT NULL,
  `client_secret` varchar(256) DEFAULT NULL,
  `scope` varchar(256) DEFAULT NULL,
  `authorized_grant_types` varchar(256) DEFAULT NULL,
  `web_server_redirect_uri` varchar(256) DEFAULT NULL,
  `authorities` varchar(256) DEFAULT NULL,
  `access_token_validity` int(11) DEFAULT NULL,
  `refresh_token_validity` int(11) DEFAULT NULL,
  `additional_information` varchar(4096) DEFAULT NULL,
  `autoapprove` varchar(256) DEFAULT NULL,
  PRIMARY KEY (`client_id`)
) ENGINE=InnoDB DEFAULT CHARSET=utf8;

-- ----------------------------
--  Records of `oauth_client_details`
-- ----------------------------
BEGIN;
INSERT INTO `oauth_client_details` VALUES ('app', null, '$2a$10$H2eb7lzv8BUHecNiVrkst.JjkpTk5q1TpQWfaiz1nmC/kdvMnjJri', 'app', 'password,refresh_token', null, null, null, null, null, null), ('web', '', '$2a$10$cuqEs1PDQIdk4lGxWPg27OZ99U8nTvWHDxIJV.PvL5iXapBzfwx06', 'web', 'refresh_token,password,client_credentials,authorization_code', null, '', null, null, '{}', '');
COMMIT;

-- ----------------------------
--  Table structure for `oauth_client_token`
-- ----------------------------
DROP TABLE IF EXISTS `oauth_client_token`;
CREATE TABLE `oauth_client_token` (
  `token_id` varchar(256) DEFAULT NULL,
  `token` blob,
  `authentication_id` varchar(48) NOT NULL,
  `user_name` varchar(256) DEFAULT NULL,
  `client_id` varchar(256) DEFAULT NULL,
  PRIMARY KEY (`authentication_id`)
) ENGINE=InnoDB DEFAULT CHARSET=utf8;

-- ----------------------------
--  Table structure for `oauth_code`
-- ----------------------------
DROP TABLE IF EXISTS `oauth_code`;
CREATE TABLE `oauth_code` (
  `code` varchar(256) DEFAULT NULL,
  `authentication` blob
) ENGINE=InnoDB DEFAULT CHARSET=utf8;

-- ----------------------------
--  Table structure for `oauth_refresh_token`
-- ----------------------------
DROP TABLE IF EXISTS `oauth_refresh_token`;
CREATE TABLE `oauth_refresh_token` (
  `token_id` varchar(256) DEFAULT NULL,
  `token` blob,
  `authentication` blob
) ENGINE=InnoDB DEFAULT CHARSET=utf8;

-- ----------------------------
--  Records of `oauth_refresh_token`
-- ----------------------------
BEGIN;
INSERT INTO `oauth_refresh_token` VALUES ('1cddef28af59e306a86fa31ff7830da7', 0xaced00057372004c6f72672e737072696e676672616d65776f726b2e73656375726974792e6f61757468322e636f6d6d6f6e2e44656661756c744578706972696e674f417574683252656672657368546f6b656e2fdf47639dd0c9b70200014c000a65787069726174696f6e7400104c6a6176612f7574696c2f446174653b787200446f72672e737072696e676672616d65776f726b2e73656375726974792e6f61757468322e636f6d6d6f6e2e44656661756c744f417574683252656672657368546f6b656e73e10e0a6354d45e0200014c000576616c75657400124c6a6176612f6c616e672f537472696e673b78707402b765794a68624763694f694a53557a49314e694973496e523563434936496b705856434a392e65794a316332567958323568625755694f694a685a47317062694973496e4e6a6233426c496a7062496d467763434a644c434a6864476b694f6949324e6a4a6c4d6d4d34596930344d7a4e6a4c54526c5a6d4974596a526a4e79316a5a6d51304e444d31595467344e7a55694c434a6c654841694f6a45314e7a67344d7a41304e7a6373496d463164476876636d6c306157567a496a7062496c4a50544556665155524e535534694c434a535430784658315654525649694c43497664584e6c6369317a5a584a3261574e6c4c3246776153396859324e76645735304c326c755a6d386958537769616e5270496a6f694e44566b5a6a51795a5463744e32497a4d5330304d7a557a4c5467354d4755744e3246684f4441324e4745315954457849697769593278705a57353058326c6b496a6f6959584277496e302e636667586876797332306f7761794d4841745f797168466c316b69314e4c77536a336f747948744435515a3274733745672d44324c6879446741564a7a3274315f4937584e37496b523339485a55536435666a535a72535253665731584f5a4c366551326f5541766534785a3173427a446e4e65474c5831366a7249666464344870774350354f6a356478375251557747746a72725f3768703362446d657a456e374931676e47553868784234513244465243423971635071445f46343154384e7378302d6e3130664b515161344e37376b626e4d2d49565a6f364d3551317a355338575862474a4d35617149394a696c746e796e593459487667337a58356d4676546738736f733770446a5179423159766a686b706949544d65485157576e37562d76756d677565757a6469375a665f67336230584f352d6d365862544355474776574474553474515a6d6b784c374176385577777372000e6a6176612e7574696c2e44617465686a81014b597419030000787077080000016f99a137b278, 0xaced0005737200416f72672e737072696e676672616d65776f726b2e73656375726974792e6f61757468322e70726f76696465722e4f417574683241757468656e7469636174696f6ebd400b02166252130200024c000d73746f7265645265717565737474003c4c6f72672f737072696e676672616d65776f726b2f73656375726974792f6f61757468322f70726f76696465722f4f4175746832526571756573743b4c00127573657241757468656e7469636174696f6e7400324c6f72672f737072696e676672616d65776f726b2f73656375726974792f636f72652f41757468656e7469636174696f6e3b787200476f72672e737072696e676672616d65776f726b2e73656375726974792e61757468656e7469636174696f6e2e416273747261637441757468656e7469636174696f6e546f6b656ed3aa287e6e47640e0200035a000d61757468656e746963617465644c000b617574686f7269746965737400164c6a6176612f7574696c2f436f6c6c656374696f6e3b4c000764657461696c737400124c6a6176612f6c616e672f4f626a6563743b787000737200266a6176612e7574696c2e436f6c6c656374696f6e7324556e6d6f6469666961626c654c697374fc0f2531b5ec8e100200014c00046c6973747400104c6a6176612f7574696c2f4c6973743b7872002c6a6176612e7574696c2e436f6c6c656374696f6e7324556e6d6f6469666961626c65436f6c6c656374696f6e19420080cb5ef71e0200014c00016371007e00047870737200136a6176612e7574696c2e41727261794c6973747881d21d99c7619d03000149000473697a65787000000003770400000003737200426f72672e737072696e676672616d65776f726b2e73656375726974792e636f72652e617574686f726974792e53696d706c654772616e746564417574686f7269747900000000000001fe0200014c0004726f6c657400124c6a6176612f6c616e672f537472696e673b787074000a524f4c455f41444d494e7371007e000d740009524f4c455f555345527371007e000d74001e2f757365722d736572766963652f6170692f6163636f756e742f696e666f7871007e000c707372003a6f72672e737072696e676672616d65776f726b2e73656375726974792e6f61757468322e70726f76696465722e4f41757468325265717565737400000000000000010200075a0008617070726f7665644c000b617574686f72697469657371007e00044c000a657874656e73696f6e7374000f4c6a6176612f7574696c2f4d61703b4c000b726564697265637455726971007e000e4c00077265667265736874003b4c6f72672f737072696e676672616d65776f726b2f73656375726974792f6f61757468322f70726f76696465722f546f6b656e526571756573743b4c000b7265736f7572636549647374000f4c6a6176612f7574696c2f5365743b4c000d726573706f6e7365547970657371007e0018787200386f72672e737072696e676672616d65776f726b2e73656375726974792e6f61757468322e70726f76696465722e426173655265717565737436287a3ea37169bd0200034c0008636c69656e74496471007e000e4c001172657175657374506172616d657465727371007e00164c000573636f706571007e00187870740003617070737200256a6176612e7574696c2e436f6c6c656374696f6e7324556e6d6f6469666961626c654d6170f1a5a8fe74f507420200014c00016d71007e00167870737200116a6176612e7574696c2e486173684d61700507dac1c31660d103000246000a6c6f6164466163746f724900097468726573686f6c6478703f400000000000067708000000080000000474000a6772616e745f7479706574000870617373776f7264740009636c69656e745f696474000361707074000573636f7065740003617070740008757365726e616d6574000561646d696e78737200256a6176612e7574696c2e436f6c6c656374696f6e7324556e6d6f6469666961626c65536574801d92d18f9b80550200007871007e0009737200176a6176612e7574696c2e4c696e6b656448617368536574d86cd75a95dd2a1e020000787200116a6176612e7574696c2e48617368536574ba44859596b8b7340300007870770c000000103f4000000000000171007e002578017371007e002b770c000000103f40000000000000787371007e001e3f40000000000000770800000010000000007870707371007e002b770c000000103f40000000000000787371007e002b770c000000103f40000000000000787372004f6f72672e737072696e676672616d65776f726b2e73656375726974792e61757468656e7469636174696f6e2e557365726e616d6550617373776f726441757468656e7469636174696f6e546f6b656e00000000000001fe0200024c000b63726564656e7469616c7371007e00054c00097072696e636970616c71007e00057871007e0003017371007e00077371007e000b0000000377040000000371007e000f71007e001171007e00137871007e0034737200176a6176612e7574696c2e4c696e6b6564486173684d617034c04e5c106cc0fb0200015a000b6163636573734f726465727871007e001e3f4000000000000c7708000000100000000571007e002071007e002171007e002471007e002574000d636c69656e745f73656372657474000361707071007e002271007e002371007e002671007e00277800707372003b696f2e736e6f772e737072696e67636c6f75642e617574682e73656375726974792e7573657264657461696c732e44425573657244657461696c734b42edff0c1bed740200034c000b617574686f72697469657371007e00084c000870617373776f726471007e000e4c0008757365724e616d6571007e000e78707371007e000b0000000377040000000371007e000f71007e001171007e00137874003c24326124313024385276434c3061596f32504536515479574f3067384f4f49394872532f526b6969356c2e30664b41566b3442534c53756550474c5374000561646d696e), ('806253a667a0e93be659fa59b8881aea', 0xaced00057372004c6f72672e737072696e676672616d65776f726b2e73656375726974792e6f61757468322e636f6d6d6f6e2e44656661756c744578706972696e674f417574683252656672657368546f6b656e2fdf47639dd0c9b70200014c000a65787069726174696f6e7400104c6a6176612f7574696c2f446174653b787200446f72672e737072696e676672616d65776f726b2e73656375726974792e6f61757468322e636f6d6d6f6e2e44656661756c744f417574683252656672657368546f6b656e73e10e0a6354d45e0200014c000576616c75657400124c6a6176612f6c616e672f537472696e673b78707402b765794a68624763694f694a53557a49314e694973496e523563434936496b705856434a392e65794a316332567958323568625755694f694a685a47317062694973496e4e6a6233426c496a7062496d467763434a644c434a6864476b694f6949324d574d314d6a5978597931685a6a4d784c54517a4e4455744f444d305a6930784d324e6a4e7a51335a5468685a5759694c434a6c654841694f6a45314e7a6b324d5445334e544d73496d463164476876636d6c306157567a496a7062496c4a50544556665155524e535534694c434a535430784658315654525649694c43497664584e6c6369317a5a584a3261574e6c4c3246776153396859324e76645735304c326c755a6d386958537769616e5270496a6f695954426d4d4463315a445174593255354e5330304d47466c4c5749324d5451744d7a67324e6d4931596d45324d7a646849697769593278705a57353058326c6b496a6f6959584277496e302e58416134794c3536346b30764f4e64306863613941576b5a78376247384d3350323931427439415347775034484b7958705f426c79713652754d6d314261764b6e746365464772437370634a45744a51324f4637796c58306f545630326c4961526e506548304c6e334b4a61684f61495279486d4851397457555374587743614d4d6d3857673464443477706c38776c494b6234633679514e425656657a435a5269313932695f486e6a464e61696c656d666c785a42356436335f41697962465942416f7345624a46785145484b6479566a42664c413243576e68365761364d38742d47574868376c455f776c2d726f3453693230545068475f756f716234384e62575756737462346b6d646a5445345446665161663543794a79612d49595970463874316a7a4161565f4c61584a5835416c353677566e5f7864494452536a464e46772d50394d4d32514e536d6763536b717669677372000e6a6176612e7574696c2e44617465686a81014b597419030000787077080000016fc8328a8878, 0xaced0005737200416f72672e737072696e676672616d65776f726b2e73656375726974792e6f61757468322e70726f76696465722e4f417574683241757468656e7469636174696f6ebd400b02166252130200024c000d73746f7265645265717565737474003c4c6f72672f737072696e676672616d65776f726b2f73656375726974792f6f61757468322f70726f76696465722f4f4175746832526571756573743b4c00127573657241757468656e7469636174696f6e7400324c6f72672f737072696e676672616d65776f726b2f73656375726974792f636f72652f41757468656e7469636174696f6e3b787200476f72672e737072696e676672616d65776f726b2e73656375726974792e61757468656e7469636174696f6e2e416273747261637441757468656e7469636174696f6e546f6b656ed3aa287e6e47640e0200035a000d61757468656e746963617465644c000b617574686f7269746965737400164c6a6176612f7574696c2f436f6c6c656374696f6e3b4c000764657461696c737400124c6a6176612f6c616e672f4f626a6563743b787000737200266a6176612e7574696c2e436f6c6c656374696f6e7324556e6d6f6469666961626c654c697374fc0f2531b5ec8e100200014c00046c6973747400104c6a6176612f7574696c2f4c6973743b7872002c6a6176612e7574696c2e436f6c6c656374696f6e7324556e6d6f6469666961626c65436f6c6c656374696f6e19420080cb5ef71e0200014c00016371007e00047870737200136a6176612e7574696c2e41727261794c6973747881d21d99c7619d03000149000473697a65787000000003770400000003737200426f72672e737072696e676672616d65776f726b2e73656375726974792e636f72652e617574686f726974792e53696d706c654772616e746564417574686f7269747900000000000001fe0200014c0004726f6c657400124c6a6176612f6c616e672f537472696e673b787074000a524f4c455f41444d494e7371007e000d740009524f4c455f555345527371007e000d74001e2f757365722d736572766963652f6170692f6163636f756e742f696e666f7871007e000c707372003a6f72672e737072696e676672616d65776f726b2e73656375726974792e6f61757468322e70726f76696465722e4f41757468325265717565737400000000000000010200075a0008617070726f7665644c000b617574686f72697469657371007e00044c000a657874656e73696f6e7374000f4c6a6176612f7574696c2f4d61703b4c000b726564697265637455726971007e000e4c00077265667265736874003b4c6f72672f737072696e676672616d65776f726b2f73656375726974792f6f61757468322f70726f76696465722f546f6b656e526571756573743b4c000b7265736f7572636549647374000f4c6a6176612f7574696c2f5365743b4c000d726573706f6e7365547970657371007e0018787200386f72672e737072696e676672616d65776f726b2e73656375726974792e6f61757468322e70726f76696465722e426173655265717565737436287a3ea37169bd0200034c0008636c69656e74496471007e000e4c001172657175657374506172616d657465727371007e00164c000573636f706571007e00187870740003617070737200256a6176612e7574696c2e436f6c6c656374696f6e7324556e6d6f6469666961626c654d6170f1a5a8fe74f507420200014c00016d71007e00167870737200116a6176612e7574696c2e486173684d61700507dac1c31660d103000246000a6c6f6164466163746f724900097468726573686f6c6478703f400000000000067708000000080000000474000a6772616e745f7479706574000870617373776f7264740009636c69656e745f696474000361707074000573636f7065740003617070740008757365726e616d6574000561646d696e78737200256a6176612e7574696c2e436f6c6c656374696f6e7324556e6d6f6469666961626c65536574801d92d18f9b80550200007871007e0009737200176a6176612e7574696c2e4c696e6b656448617368536574d86cd75a95dd2a1e020000787200116a6176612e7574696c2e48617368536574ba44859596b8b7340300007870770c000000103f4000000000000171007e002578017371007e002b770c000000103f40000000000000787371007e001e3f40000000000000770800000010000000007870707371007e002b770c000000103f40000000000000787371007e002b770c000000103f40000000000000787372004f6f72672e737072696e676672616d65776f726b2e73656375726974792e61757468656e7469636174696f6e2e557365726e616d6550617373776f726441757468656e7469636174696f6e546f6b656e00000000000001fe0200024c000b63726564656e7469616c7371007e00054c00097072696e636970616c71007e00057871007e0003017371007e00077371007e000b0000000377040000000371007e000f71007e001171007e00137871007e0034737200176a6176612e7574696c2e4c696e6b6564486173684d617034c04e5c106cc0fb0200015a000b6163636573734f726465727871007e001e3f4000000000000c7708000000100000000571007e002071007e002171007e002471007e002574000d636c69656e745f73656372657474000361707071007e002271007e002371007e002671007e00277800707372003b696f2e736e6f772e737072696e67636c6f75642e617574682e73656375726974792e7573657264657461696c732e44425573657244657461696c734b42edff0c1bed740200034c000b617574686f72697469657371007e00084c000870617373776f726471007e000e4c0008757365724e616d6571007e000e78707371007e000b0000000377040000000371007e000f71007e001171007e00137874003c24326124313024385276434c3061596f32504536515479574f3067384f4f49394872532f526b6969356c2e30664b41566b3442534c53756550474c5374000561646d696e), ('aee90c6f963bd07bbddbf5f180525bfe', 0xaced00057372004c6f72672e737072696e676672616d65776f726b2e73656375726974792e6f61757468322e636f6d6d6f6e2e44656661756c744578706972696e674f417574683252656672657368546f6b656e2fdf47639dd0c9b70200014c000a65787069726174696f6e7400104c6a6176612f7574696c2f446174653b787200446f72672e737072696e676672616d65776f726b2e73656375726974792e6f61757468322e636f6d6d6f6e2e44656661756c744f417574683252656672657368546f6b656e73e10e0a6354d45e0200014c000576616c75657400124c6a6176612f6c616e672f537472696e673b78707402a465794a68624763694f694a53557a49314e694973496e523563434936496b705856434a392e65794a316332567958323568625755694f694a7a626d39334969776963324e76634755694f6c736959584277496c3073496d463061534936496d466b4d5755334d3249774c5752684e5755744e4445335a5331684d5456694c57557a5932566a59574d344e6a646a5a694973496d5634634349364d5455344d4445784f4455334e6977695958563061473979615852705a584d694f6c7369556b394d5256395655305653496977694c33567a5a58497463325679646d6c6a5a53396863476b7659574e6a6233567564433970626d5a76496c3073496d703061534936496a42694e5755795a4745774c544e6a4e6a59744e475534597931694d4452684c5463775a6a686a4f575a684d5441345a694973496d4e7361575675644639705a434936496d467763434a392e4f54504a44566d5139535a67395a4d397741594b6b646e716a656974475677356e316a377654304a516b684a6c484f37644371524d4f696d4c584e314b6175784c3379524f545164513068624744726b413366617854657250324f694d365457346962342d48616d4453676a4a32327a37383455494750703255346e6a6f454d6954615643683431487a6e38444f5135674651585f56414636674c4433514331453046704f705f35747a415a357950315769463636685f473046314c66474f556f4f4c56486b46524c7841694d6857754e5432772d786c6633766f416d386c395a355a3633526d3331386f356d4e564c5761382d4f706c66557a4f4e5459735573337746526e56345f637179575f69456a47536762326d306a36754535747a6d784c43387645335347644d33316344384c4e6472523775344b7433536566352d6742355235414252316334736e65727355466c3852677372000e6a6176612e7574696c2e44617465686a81014b597419030000787077080000016fe6680d1178, 0xaced0005737200416f72672e737072696e676672616d65776f726b2e73656375726974792e6f61757468322e70726f76696465722e4f417574683241757468656e7469636174696f6ebd400b02166252130200024c000d73746f7265645265717565737474003c4c6f72672f737072696e676672616d65776f726b2f73656375726974792f6f61757468322f70726f76696465722f4f4175746832526571756573743b4c00127573657241757468656e7469636174696f6e7400324c6f72672f737072696e676672616d65776f726b2f73656375726974792f636f72652f41757468656e7469636174696f6e3b787200476f72672e737072696e676672616d65776f726b2e73656375726974792e61757468656e7469636174696f6e2e416273747261637441757468656e7469636174696f6e546f6b656ed3aa287e6e47640e0200035a000d61757468656e746963617465644c000b617574686f7269746965737400164c6a6176612f7574696c2f436f6c6c656374696f6e3b4c000764657461696c737400124c6a6176612f6c616e672f4f626a6563743b787000737200266a6176612e7574696c2e436f6c6c656374696f6e7324556e6d6f6469666961626c654c697374fc0f2531b5ec8e100200014c00046c6973747400104c6a6176612f7574696c2f4c6973743b7872002c6a6176612e7574696c2e436f6c6c656374696f6e7324556e6d6f6469666961626c65436f6c6c656374696f6e19420080cb5ef71e0200014c00016371007e00047870737200136a6176612e7574696c2e41727261794c6973747881d21d99c7619d03000149000473697a65787000000002770400000002737200426f72672e737072696e676672616d65776f726b2e73656375726974792e636f72652e617574686f726974792e53696d706c654772616e746564417574686f7269747900000000000001fe0200014c0004726f6c657400124c6a6176612f6c616e672f537472696e673b7870740009524f4c455f555345527371007e000d74001e2f757365722d736572766963652f6170692f6163636f756e742f696e666f7871007e000c707372003a6f72672e737072696e676672616d65776f726b2e73656375726974792e6f61757468322e70726f76696465722e4f41757468325265717565737400000000000000010200075a0008617070726f7665644c000b617574686f72697469657371007e00044c000a657874656e73696f6e7374000f4c6a6176612f7574696c2f4d61703b4c000b726564697265637455726971007e000e4c00077265667265736874003b4c6f72672f737072696e676672616d65776f726b2f73656375726974792f6f61757468322f70726f76696465722f546f6b656e526571756573743b4c000b7265736f7572636549647374000f4c6a6176612f7574696c2f5365743b4c000d726573706f6e7365547970657371007e0016787200386f72672e737072696e676672616d65776f726b2e73656375726974792e6f61757468322e70726f76696465722e426173655265717565737436287a3ea37169bd0200034c0008636c69656e74496471007e000e4c001172657175657374506172616d657465727371007e00144c000573636f706571007e00167870740003617070737200256a6176612e7574696c2e436f6c6c656374696f6e7324556e6d6f6469666961626c654d6170f1a5a8fe74f507420200014c00016d71007e00147870737200116a6176612e7574696c2e486173684d61700507dac1c31660d103000246000a6c6f6164466163746f724900097468726573686f6c6478703f400000000000067708000000080000000474000a6772616e745f7479706574000870617373776f7264740009636c69656e745f696474000361707074000573636f7065740003617070740008757365726e616d65740004736e6f7778737200256a6176612e7574696c2e436f6c6c656374696f6e7324556e6d6f6469666961626c65536574801d92d18f9b80550200007871007e0009737200176a6176612e7574696c2e4c696e6b656448617368536574d86cd75a95dd2a1e020000787200116a6176612e7574696c2e48617368536574ba44859596b8b7340300007870770c000000103f4000000000000171007e002378017371007e0029770c000000103f40000000000000787371007e001c3f40000000000000770800000010000000007870707371007e0029770c000000103f40000000000000787371007e0029770c000000103f40000000000000787372004f6f72672e737072696e676672616d65776f726b2e73656375726974792e61757468656e7469636174696f6e2e557365726e616d6550617373776f726441757468656e7469636174696f6e546f6b656e00000000000001fe0200024c000b63726564656e7469616c7371007e00054c00097072696e636970616c71007e00057871007e0003017371007e00077371007e000b0000000277040000000271007e000f71007e00117871007e0032737200176a6176612e7574696c2e4c696e6b6564486173684d617034c04e5c106cc0fb0200015a000b6163636573734f726465727871007e001c3f4000000000000c7708000000100000000571007e001e71007e001f71007e002271007e002374000d636c69656e745f73656372657474000361707071007e002071007e002171007e002471007e00257800707372003b696f2e736e6f772e737072696e67636c6f75642e617574682e73656375726974792e7573657264657461696c732e44425573657244657461696c734b42edff0c1bed740200034c000b617574686f72697469657371007e00084c000870617373776f726471007e000e4c0008757365724e616d6571007e000e78707371007e000b0000000277040000000271007e000f71007e00117874003c243261243130245651643036317255317061373552483572506379547558496a634a36754856495456446e2e6c74444d777358694e4c383847726432740004736e6f77), ('ce1a7eaea4a40dd96768d8e3bcccd2cb', 0xaced00057372004c6f72672e737072696e676672616d65776f726b2e73656375726974792e6f61757468322e636f6d6d6f6e2e44656661756c744578706972696e674f417574683252656672657368546f6b656e2fdf47639dd0c9b70200014c000a65787069726174696f6e7400104c6a6176612f7574696c2f446174653b787200446f72672e737072696e676672616d65776f726b2e73656375726974792e6f61757468322e636f6d6d6f6e2e44656661756c744f417574683252656672657368546f6b656e73e10e0a6354d45e0200014c000576616c75657400124c6a6176612f6c616e672f537472696e673b78707402de65794a68624763694f694a53557a49314e694973496e523563434936496b705856434a392e65794a316332567958323568625755694f694a685a47317062694973496e4e6a6233426c496a7062496d467763434a644c434a6864476b694f694a694e6a426c4d5445355979316a596a49794c54526b4e3255744f5749315a6930355a6a59324d444d31595746684d7a51694c434a6c654841694f6a45314f4441784e7a55784d545973496d463164476876636d6c306157567a496a706249693931633256794c584e6c636e5a70593255766257567564533974595735685a32557662476c7a64434973496c4a50544556665155524e535534694c43497664584e6c6369317a5a584a3261574e6c4c32466a59323931626e51766157356d62794973496c4a505445566656564e4655694a644c434a7164476b694f6949315a54557a4e6a67314d43316b4f4751354c54526a4d4445745954566d5953316d5a5455325a6d4a6d4f445978596a49694c434a6a62476c6c626e5266615751694f694a686348416966512e59784745737068664f676d696938556b383570426b6946733569485375626d4d6473356e6b4b545348634f5343336a523078705539592d5169767948504657474b46636257662d6e32564b6635646b57476375703745765557495378345875737639555339794b686c57425065315a6f574f4a3849374c78664c4b42345863544c7065753268656233424d336272564e54766835716452434176654a50314f525a796b694a6267557749434f6e484b4e4a57746b6b4343576b77343039474b30425f69726a5443443673694d796b695543624d65476167744e754d2d52757856685773353738596b3248646457304e4744703356673943753451613930526f6d59444f656c757071364c63426d5f6139347174464b4941706e69326771714c395a4c4d626b4a4565372d5f46662d5f48554a6373767a49314d386368437278587052755a615a566763495541716b62734d432d3874777372000e6a6176612e7574696c2e44617465686a81014b597419030000787077080000016fe9c6ca4178, 0xaced0005737200416f72672e737072696e676672616d65776f726b2e73656375726974792e6f61757468322e70726f76696465722e4f417574683241757468656e7469636174696f6ebd400b02166252130200024c000d73746f7265645265717565737474003c4c6f72672f737072696e676672616d65776f726b2f73656375726974792f6f61757468322f70726f76696465722f4f4175746832526571756573743b4c00127573657241757468656e7469636174696f6e7400324c6f72672f737072696e676672616d65776f726b2f73656375726974792f636f72652f41757468656e7469636174696f6e3b787200476f72672e737072696e676672616d65776f726b2e73656375726974792e61757468656e7469636174696f6e2e416273747261637441757468656e7469636174696f6e546f6b656ed3aa287e6e47640e0200035a000d61757468656e746963617465644c000b617574686f7269746965737400164c6a6176612f7574696c2f436f6c6c656374696f6e3b4c000764657461696c737400124c6a6176612f6c616e672f4f626a6563743b787000737200266a6176612e7574696c2e436f6c6c656374696f6e7324556e6d6f6469666961626c654c697374fc0f2531b5ec8e100200014c00046c6973747400104c6a6176612f7574696c2f4c6973743b7872002c6a6176612e7574696c2e436f6c6c656374696f6e7324556e6d6f6469666961626c65436f6c6c656374696f6e19420080cb5ef71e0200014c00016371007e00047870737200136a6176612e7574696c2e41727261794c6973747881d21d99c7619d03000149000473697a65787000000005770400000005737200426f72672e737072696e676672616d65776f726b2e73656375726974792e636f72652e617574686f726974792e53696d706c654772616e746564417574686f7269747900000000000001fe0200014c0004726f6c657400124c6a6176612f6c616e672f537472696e673b787074000a524f4c455f41444d494e7371007e000d74001e2f757365722d736572766963652f6d656e752f6d616e6167652f6c6973747371007e000d74001a2f757365722d736572766963652f6163636f756e742f696e666f7371007e000d740009524f4c455f555345527371007e000d74001a2f757365722d736572766963652f6163636f756e742f696e666f7871007e000c707372003a6f72672e737072696e676672616d65776f726b2e73656375726974792e6f61757468322e70726f76696465722e4f41757468325265717565737400000000000000010200075a0008617070726f7665644c000b617574686f72697469657371007e00044c000a657874656e73696f6e7374000f4c6a6176612f7574696c2f4d61703b4c000b726564697265637455726971007e000e4c00077265667265736874003b4c6f72672f737072696e676672616d65776f726b2f73656375726974792f6f61757468322f70726f76696465722f546f6b656e526571756573743b4c000b7265736f7572636549647374000f4c6a6176612f7574696c2f5365743b4c000d726573706f6e7365547970657371007e001c787200386f72672e737072696e676672616d65776f726b2e73656375726974792e6f61757468322e70726f76696465722e426173655265717565737436287a3ea37169bd0200034c0008636c69656e74496471007e000e4c001172657175657374506172616d657465727371007e001a4c000573636f706571007e001c7870740003617070737200256a6176612e7574696c2e436f6c6c656374696f6e7324556e6d6f6469666961626c654d6170f1a5a8fe74f507420200014c00016d71007e001a7870737200116a6176612e7574696c2e486173684d61700507dac1c31660d103000246000a6c6f6164466163746f724900097468726573686f6c6478703f400000000000067708000000080000000474000a6772616e745f7479706574000870617373776f7264740009636c69656e745f696474000361707074000573636f7065740003617070740008757365726e616d6574000561646d696e78737200256a6176612e7574696c2e436f6c6c656374696f6e7324556e6d6f6469666961626c65536574801d92d18f9b80550200007871007e0009737200176a6176612e7574696c2e4c696e6b656448617368536574d86cd75a95dd2a1e020000787200116a6176612e7574696c2e48617368536574ba44859596b8b7340300007870770c000000103f4000000000000171007e002978017371007e002f770c000000103f40000000000000787371007e00223f40000000000000770800000010000000007870707371007e002f770c000000103f40000000000000787371007e002f770c000000103f40000000000000787372004f6f72672e737072696e676672616d65776f726b2e73656375726974792e61757468656e7469636174696f6e2e557365726e616d6550617373776f726441757468656e7469636174696f6e546f6b656e00000000000001fe0200024c000b63726564656e7469616c7371007e00054c00097072696e636970616c71007e00057871007e0003017371007e00077371007e000b0000000577040000000571007e000f71007e001171007e001371007e001571007e00177871007e0038737200176a6176612e7574696c2e4c696e6b6564486173684d617034c04e5c106cc0fb0200015a000b6163636573734f726465727871007e00223f4000000000000c7708000000100000000571007e002471007e002571007e002871007e002974000d636c69656e745f73656372657474000361707071007e002671007e002771007e002a71007e002b7800707372003b696f2e736e6f772e737072696e67636c6f75642e617574682e73656375726974792e7573657264657461696c732e44425573657244657461696c734b42edff0c1bed740200034c000b617574686f72697469657371007e00084c000870617373776f726471007e000e4c0008757365724e616d6571007e000e78707371007e000b0000000577040000000571007e000f71007e001171007e001371007e001571007e00177874003c24326124313024385276434c3061596f32504536515479574f3067384f4f49394872532f526b6969356c2e30664b41566b3442534c53756550474c5374000561646d696e), ('7ac08804ea939228f41bbb3aca736254', 0xaced00057372004c6f72672e737072696e676672616d65776f726b2e73656375726974792e6f61757468322e636f6d6d6f6e2e44656661756c744578706972696e674f417574683252656672657368546f6b656e2fdf47639dd0c9b70200014c000a65787069726174696f6e7400104c6a6176612f7574696c2f446174653b787200446f72672e737072696e676672616d65776f726b2e73656375726974792e6f61757468322e636f6d6d6f6e2e44656661756c744f417574683252656672657368546f6b656e73e10e0a6354d45e0200014c000576616c75657400124c6a6176612f6c616e672f537472696e673b78707402b265794a68624763694f694a53557a49314e694973496e523563434936496b705856434a392e65794a316332567958323568625755694f694a685a47317062694973496e4e6a6233426c496a7062496d467763434a644c434a6864476b694f694a69596a4e6c4e7a6c6a4e43307a4e5751794c54526d5a6a45744f545533595330774d544e6c5a6a41784e446b35595455694c434a6c654841694f6a45314f444d344e4451334f544d73496d463164476876636d6c306157567a496a7062496c4a50544556665155524e535534694c434a535430784658315654525649694c43497664584e6c6369317a5a584a3261574e6c4c32466a59323931626e51766157356d62794a644c434a7164476b694f6949355a6a49334e54466d4d693031596a59774c5452684f545574596a466c4f4331694e47597a4f4746695a474d794e4755694c434a6a62476c6c626e5266615751694f694a686348416966512e436a5f51684337656e5043544c4e4e2d5934397448465862346b534166654a61486f7256625868794c63624c54466f52794d36546435494e4148577a586635526943456447555f52734d677a6677444f7569565071305544505a6449786579382d6f6b694c317030566669664d62694e5f5546464c774b587331563775516351645f48584344424b785970326a304242495f59597a326d496d7467496c69434a77683143444e496a71594b6567474848755276326a504235426737317161593563674b4365364a4c57496767666b43676b4677776a3875744942557042525244796b715531787665423279732d453874336e53543778746d706b534757305846394763587875476f734a5a7445526b6b7575495a624c4b5a6c6b6e75464b64576d59774354506d4578646958652d38714b394c5267635056737875347a6e49757772577848706c3770796b61664449724f47667a74777372000e6a6176612e7574696c2e44617465686a81014b5974190300007870770800000170c4819e0978, 0xaced0005737200416f72672e737072696e676672616d65776f726b2e73656375726974792e6f61757468322e70726f76696465722e4f417574683241757468656e7469636174696f6ebd400b02166252130200024c000d73746f7265645265717565737474003c4c6f72672f737072696e676672616d65776f726b2f73656375726974792f6f61757468322f70726f76696465722f4f4175746832526571756573743b4c00127573657241757468656e7469636174696f6e7400324c6f72672f737072696e676672616d65776f726b2f73656375726974792f636f72652f41757468656e7469636174696f6e3b787200476f72672e737072696e676672616d65776f726b2e73656375726974792e61757468656e7469636174696f6e2e416273747261637441757468656e7469636174696f6e546f6b656ed3aa287e6e47640e0200035a000d61757468656e746963617465644c000b617574686f7269746965737400164c6a6176612f7574696c2f436f6c6c656374696f6e3b4c000764657461696c737400124c6a6176612f6c616e672f4f626a6563743b787000737200266a6176612e7574696c2e436f6c6c656374696f6e7324556e6d6f6469666961626c654c697374fc0f2531b5ec8e100200014c00046c6973747400104c6a6176612f7574696c2f4c6973743b7872002c6a6176612e7574696c2e436f6c6c656374696f6e7324556e6d6f6469666961626c65436f6c6c656374696f6e19420080cb5ef71e0200014c00016371007e00047870737200136a6176612e7574696c2e41727261794c6973747881d21d99c7619d03000149000473697a65787000000003770400000003737200426f72672e737072696e676672616d65776f726b2e73656375726974792e636f72652e617574686f726974792e53696d706c654772616e746564417574686f7269747900000000000001fe0200014c0004726f6c657400124c6a6176612f6c616e672f537472696e673b787074000a524f4c455f41444d494e7371007e000d740009524f4c455f555345527371007e000d74001a2f757365722d736572766963652f6163636f756e742f696e666f7871007e000c707372003a6f72672e737072696e676672616d65776f726b2e73656375726974792e6f61757468322e70726f76696465722e4f41757468325265717565737400000000000000010200075a0008617070726f7665644c000b617574686f72697469657371007e00044c000a657874656e73696f6e7374000f4c6a6176612f7574696c2f4d61703b4c000b726564697265637455726971007e000e4c00077265667265736874003b4c6f72672f737072696e676672616d65776f726b2f73656375726974792f6f61757468322f70726f76696465722f546f6b656e526571756573743b4c000b7265736f7572636549647374000f4c6a6176612f7574696c2f5365743b4c000d726573706f6e7365547970657371007e0018787200386f72672e737072696e676672616d65776f726b2e73656375726974792e6f61757468322e70726f76696465722e426173655265717565737436287a3ea37169bd0200034c0008636c69656e74496471007e000e4c001172657175657374506172616d657465727371007e00164c000573636f706571007e00187870740003617070737200256a6176612e7574696c2e436f6c6c656374696f6e7324556e6d6f6469666961626c654d6170f1a5a8fe74f507420200014c00016d71007e00167870737200116a6176612e7574696c2e486173684d61700507dac1c31660d103000246000a6c6f6164466163746f724900097468726573686f6c6478703f400000000000067708000000080000000474000a6772616e745f7479706574000870617373776f7264740009636c69656e745f696474000361707074000573636f7065740003617070740008757365726e616d6574000561646d696e78737200256a6176612e7574696c2e436f6c6c656374696f6e7324556e6d6f6469666961626c65536574801d92d18f9b80550200007871007e0009737200176a6176612e7574696c2e4c696e6b656448617368536574d86cd75a95dd2a1e020000787200116a6176612e7574696c2e48617368536574ba44859596b8b7340300007870770c000000103f4000000000000171007e002578017371007e002b770c000000103f40000000000000787371007e001e3f40000000000000770800000010000000007870707371007e002b770c000000103f40000000000000787371007e002b770c000000103f40000000000000787372004f6f72672e737072696e676672616d65776f726b2e73656375726974792e61757468656e7469636174696f6e2e557365726e616d6550617373776f726441757468656e7469636174696f6e546f6b656e00000000000001fe0200024c000b63726564656e7469616c7371007e00054c00097072696e636970616c71007e00057871007e0003017371007e00077371007e000b0000000377040000000371007e000f71007e001171007e00137871007e0034737200176a6176612e7574696c2e4c696e6b6564486173684d617034c04e5c106cc0fb0200015a000b6163636573734f726465727871007e001e3f4000000000000c7708000000100000000571007e002071007e002171007e002471007e002574000d636c69656e745f73656372657474000361707071007e002271007e002371007e002671007e00277800707372003b696f2e736e6f772e737072696e67636c6f75642e617574682e73656375726974792e7573657264657461696c732e44425573657244657461696c734b42edff0c1bed740200034c000b617574686f72697469657371007e00084c000870617373776f726471007e000e4c0008757365724e616d6571007e000e78707371007e000b0000000377040000000371007e000f71007e001171007e00137874003c24326124313024385276434c3061596f32504536515479574f3067384f4f49394872532f526b6969356c2e30664b41566b3442534c53756550474c5374000561646d696e);
COMMIT;

-- ----------------------------
--  Table structure for `permission`
-- ----------------------------
DROP TABLE IF EXISTS `permission`;
CREATE TABLE `permission` (
  `id` bigint(20) NOT NULL AUTO_INCREMENT,
  `created_by` varchar(50) NOT NULL,
  `created_date` datetime NOT NULL,
  `last_modified_by` varchar(50) DEFAULT NULL,
  `last_modified_date` datetime DEFAULT NULL,
  `code` varchar(255) DEFAULT NULL,
  `default_type` varchar(255) DEFAULT NULL,
  `icon` varchar(255) DEFAULT NULL,
  `is_menu` varchar(255) DEFAULT NULL,
  `level` varchar(255) DEFAULT NULL,
  `name` varchar(255) DEFAULT NULL,
  `parent_code` varchar(255) DEFAULT NULL,
  `sort` bigint(20) DEFAULT NULL,
  `status` varchar(255) DEFAULT NULL,
  `url` varchar(255) DEFAULT NULL,
  `parent_id` bigint(20) DEFAULT NULL,
  `component` varchar(255) DEFAULT NULL,
  PRIMARY KEY (`id`),
  KEY `FKj8b47vqnucijscjac9jcca9gi` (`parent_id`)
) ENGINE=MyISAM AUTO_INCREMENT=16 DEFAULT CHARSET=utf8 COLLATE=utf8_general_ci;

-- ----------------------------
--  Records of `permission`
-- ----------------------------
BEGIN;
INSERT INTO `permission` VALUES ('1', 'system', '2020-01-14 22:39:36', null, '2020-01-14 22:39:36', 'index', '0', 'ios-navigate', '1', '1', '系统介绍', null, '1', '1', 'index', '0', '/Index.vue'), ('2', 'system', '2020-01-14 22:39:36', null, '2020-01-14 22:39:36', 'setting', '1', 'ios-navigate', '1', '1', '设置', null, '1', '1', 'setting', '0', '/CommonContent.vue'), ('3', 'system', '2020-01-14 22:39:36', null, '2020-01-14 22:39:36', 'theme', '1', 'ios-navigate', '1', '2', '主题设置', null, '1', '1', 'theme', '2', '/ThemeSetting.vue'), ('4', 'system', '2020-01-15 17:20:55', null, '2020-01-15 17:20:59', 'lanauge', '1', 'ios-navigate', '1', '2', '语音设置', null, '2', '1', 'lanauge', '2', '/Lanage.vue'), ('5', 'system', '2020-01-16 09:27:18', null, '2020-01-16 09:27:22', 'system', '1', null, '1', '1', '系统管理', null, '3', '1', 'system', '0', '/CommonContent.vue'), ('6', 'system', '2020-01-16 09:31:09', null, '2020-01-16 09:31:12', 'usermanager', '1', null, '1', '2', '用户管理', null, '4', '1', 'usermanager', '5', '/UserManager.vue'), ('7', 'system', '2020-01-16 09:33:09', null, '2020-01-16 09:33:12', 'addUser', '1', null, '0', '3', '新增用户', null, '5', '1', null, '6', null), ('8', 'system', '2020-01-16 09:44:32', null, '2020-01-16 09:44:35', 'permission', '1', null, '1', '2', '权限管理', null, '6', '1', 'permission', '5', '/Permission.vue'), ('9', 'system', '2020-01-16 09:45:57', null, '2020-01-16 09:46:08', 'list', '1', null, '1', '3', '权限列表', null, '7', '1', 'list', '8', '/PermissionList.vue'), ('13', 'system', '2020-01-20 14:05:10', null, '2020-01-20 14:05:13', 'hyrz', '1', null, '1', '1', '火影忍者', null, '4', '1', 'hyrz', '0', '/Hyrz.vue'), ('14', 'admin', '2020-01-22 00:14:26', null, '2020-01-22 00:14:26', 'test', '1', null, '1', null, '新建权限测试', null, '5', '1', 'test', '12', '/Test.vue');
COMMIT;

-- ----------------------------
--  Table structure for `permission_api`
-- ----------------------------
DROP TABLE IF EXISTS `permission_api`;
CREATE TABLE `permission_api` (
  `p_id` bigint(20) DEFAULT NULL,
  `a_id` bigint(20) DEFAULT NULL
) ENGINE=InnoDB DEFAULT CHARSET=utf8 COLLATE=utf8_general_ci;

-- ----------------------------
--  Records of `permission_api`
-- ----------------------------
BEGIN;
INSERT INTO `permission_api` VALUES ('8', '6'), ('8', '1');
COMMIT;

-- ----------------------------
--  Table structure for `role`
-- ----------------------------
DROP TABLE IF EXISTS `role`;
CREATE TABLE `role` (
  `id` bigint(20) NOT NULL AUTO_INCREMENT,
  `created_by` varchar(50) NOT NULL,
  `created_date` datetime NOT NULL,
  `last_modified_by` varchar(50) DEFAULT NULL,
  `last_modified_date` datetime DEFAULT NULL,
  `code` varchar(255) DEFAULT NULL,
  `name` varchar(255) NOT NULL,
  PRIMARY KEY (`id`)
) ENGINE=MyISAM AUTO_INCREMENT=9 DEFAULT CHARSET=utf8 COLLATE=utf8_general_ci;

-- ----------------------------
--  Records of `role`
-- ----------------------------
BEGIN;
INSERT INTO `role` VALUES ('7', 'system', '2020-01-04 07:11:27', null, '2020-01-04 07:11:27', 'ROLE_ADMIN', '管理员'), ('8', 'system', '2020-01-04 07:11:27', null, '2020-01-04 07:11:27', 'ROLE_USER', '用户');
COMMIT;

-- ----------------------------
--  Table structure for `role_privilege`
-- ----------------------------
DROP TABLE IF EXISTS `role_privilege`;
CREATE TABLE `role_privilege` (
  `role_id` bigint(20) NOT NULL,
  `permission_id` bigint(20) NOT NULL,
  KEY `FKnyrjla843qrmheosw71ncqqwe` (`permission_id`),
  KEY `FKsykrtrdngu5iexmbti7lu9xa` (`role_id`)
) ENGINE=MyISAM DEFAULT CHARSET=utf8 COLLATE=utf8_general_ci;

-- ----------------------------
--  Records of `role_privilege`
-- ----------------------------
BEGIN;
INSERT INTO `role_privilege` VALUES ('7', '1'), ('7', '8'), ('7', '10'), ('7', '11'), ('7', '2'), ('7', '3'), ('7', '4'), ('7', '5'), ('7', '6'), ('7', '7'), ('7', '8'), ('7', '9'), ('7', '13');
COMMIT;

-- ----------------------------
--  Table structure for `user`
-- ----------------------------
DROP TABLE IF EXISTS `user`;
CREATE TABLE `user` (
  `id` bigint(20) NOT NULL AUTO_INCREMENT,
  `user_name` varchar(255) NOT NULL,
  `created_by` varchar(50) NOT NULL,
  `created_date` datetime NOT NULL,
  `last_modified_by` varchar(50) DEFAULT NULL,
  `last_modified_date` datetime DEFAULT NULL,
  `emile` varchar(255) DEFAULT NULL,
  `gender` varchar(255) DEFAULT NULL,
  `password` varchar(255) DEFAULT NULL,
  `phone_number` varchar(255) DEFAULT NULL,
  `profile` varchar(255) DEFAULT NULL,
  PRIMARY KEY (`id`)
) ENGINE=MyISAM AUTO_INCREMENT=20 DEFAULT CHARSET=utf8 COLLATE=utf8_general_ci;

-- ----------------------------
--  Records of `user`
-- ----------------------------
BEGIN;
INSERT INTO `user` VALUES ('11', 'user', 'system', '2020-01-04 07:11:27', null, '2020-01-04 07:11:27', null, null, '$2a$10$oWUjQ.Pf0/tzIxPNeIRSau5CIqnks0RgOWVavsLnOfqMrHVf9lA1u', null, null), ('10', 'admin', 'system', '2020-01-04 07:11:27', null, '2020-01-04 07:11:27', null, null, '$2a$10$8RvCL0aYo2PE6QTyWO0g8OOI9HrS/Rkii5l.0fKAVk4BSLSuePGLS', null, null), ('18', 'snow1', 'system', '2020-01-20 03:07:44', null, '2020-01-20 03:07:44', null, null, '$2a$10$aFyIWqnb/.IApyqd1z778ewVaADapgW8GzDcd4ivbqmbOwxVVCd66', null, null), ('19', 'snow', 'system', '2020-01-20 03:11:30', null, '2020-01-20 03:11:30', null, null, '$2a$10$VQd061rU1pa75RH5rPcyTuXIjcJ6uHVITVDn.ltDMwsXiNL88Grd2', null, null);
COMMIT;

-- ----------------------------
--  Table structure for `user_role`
-- ----------------------------
DROP TABLE IF EXISTS `user_role`;
CREATE TABLE `user_role` (
  `user_id` bigint(20) NOT NULL,
  `role_id` bigint(20) NOT NULL,
  KEY `FKa68196081fvovjhkek5m97n3y` (`role_id`),
  KEY `FK859n2jvi8ivhui0rl0esws6o` (`user_id`)
) ENGINE=MyISAM DEFAULT CHARSET=utf8 COLLATE=utf8_general_ci;

-- ----------------------------
--  Records of `user_role`
-- ----------------------------
BEGIN;
INSERT INTO `user_role` VALUES ('10', '7'), ('10', '8'), ('11', '8'), ('18', '8'), ('19', '8');
COMMIT;

SET FOREIGN_KEY_CHECKS = 1;
